iso3;country;region;country_description;region_name
AFG;Afghanistan;SA;Afghanistan;South Asia
ALB;Albania;ECA;Albania;Europe and Central Asia
DZA;Algeria;AS;Algeria;Arab States
AND;Andorra;ECA;Andorra;Europe and Central Asia
AGO;Angola;SSA;Angola;Sub-Saharan Africa
ATG;Antigua and Barbuda;LAC;Antigua and Barbuda;Latin America and the Caribbean
ARG;Argentina;LAC;Argentina;Latin America and the Caribbean
ARM;Armenia;ECA;Armenia;Europe and Central Asia
AUS;Australia;EAP;Australia;East Asia and the Pacific
AUT;Austria;ECA;Austria;Europe and Central Asia
AZE;Azerbaijan;ECA;Azerbaijan;Europe and Central Asia
BHS;Bahamas;LAC;Bahamas;Latin America and the Caribbean
BHR;Bahrain;AS;Bahrain;Arab States
BGD;Bangladesh;SA;Bangladesh;South Asia
BRB;Barbados;LAC;Barbados;Latin America and the Caribbean
BLR;Belarus;ECA;Belarus;Europe and Central Asia
BEL;Belgium;ECA;Belgium;Europe and Central Asia
BLZ;Belize;LAC;Belize;Latin America and the Caribbean
BEN;Benin;SSA;Benin;Sub-Saharan Africa
BTN;Bhutan;SA;Bhutan;South Asia
BOL;Bolivia;LAC;Bolivia (Plurinational State of);Latin America and the Caribbean
BIH;Bosnia and Herzegovina;ECA;Bosnia and Herzegovina;Europe and Central Asia
BWA;Botswana;SSA;Botswana;Sub-Saharan Africa
BRA;Brazil;LAC;Brazil;Latin America and the Caribbean
BRN;Brunei Darussalam;EAP;Brunei Darussalam;East Asia and the Pacific
BGR;Bulgaria;ECA;Bulgaria;Europe and Central Asia
BFA;Burkina Faso;SSA;Burkina Faso;Sub-Saharan Africa
BDI;Burundi;SSA;Burundi;Sub-Saharan Africa
CPV;Cabo Verde;SSA;Cabo Verde;Sub-Saharan Africa
KHM;Cambodia;EAP;Cambodia;East Asia and the Pacific
CMR;Cameroon;SSA;Cameroon;Sub-Saharan Africa
CAN;Canada;NA;Canada;North America
CAF;Central African Republic;SSA;Central African Republic;Sub-Saharan Africa
TCD;Chad;SSA;Chad;Sub-Saharan Africa
CHL;Chile;LAC;Chile;Latin America and the Caribbean
CHN;China;EAP;China;East Asia and the Pacific
COL;Colombia;LAC;Colombia;Latin America and the Caribbean
COM;Comoros;SSA;Comoros;Sub-Saharan Africa
COG;Congo;SSA;Congo;Sub-Saharan Africa
COD;Congo;SSA;Congo (Democratic Republic of the);Sub-Saharan Africa
CRI;Costa Rica;LAC;Costa Rica;Latin America and the Caribbean
CIV;Côte d'Ivoire;SSA;Côte d'Ivoire;Sub-Saharan Africa
HRV;Croatia;ECA;Croatia;Europe and Central Asia
CUB;Cuba;LAC;Cuba;Latin America and the Caribbean
CYP;Cyprus;ECA;Cyprus;Europe and Central Asia
CZE;Czechia;ECA;Czechia;Europe and Central Asia
DNK;Denmark;ECA;Denmark;Europe and Central Asia
DJI;Djibouti;AS;Djibouti;Arab States
DMA;Dominica;LAC;Dominica;Latin America and the Caribbean
DOM;Dominican Republic;LAC;Dominican Republic;Latin America and the Caribbean
ECU;Ecuador;LAC;Ecuador;Latin America and the Caribbean
EGY;Egypt;AS;Egypt;Arab States
SLV;El Salvador;LAC;El Salvador;Latin America and the Caribbean
GNQ;Equatorial Guinea;SSA;Equatorial Guinea;Sub-Saharan Africa
ERI;Eritrea;SSA;Eritrea;Sub-Saharan Africa
EST;Estonia;ECA;Estonia;Europe and Central Asia
SWZ;Eswatini;SSA;Eswatini (Kingdom of);Sub-Saharan Africa
ETH;Ethiopia;SSA;Ethiopia;Sub-Saharan Africa
FJI;Fiji;EAP;Fiji;East Asia and the Pacific
FIN;Finland;ECA;Finland;Europe and Central Asia
FRA;France;ECA;France;Europe and Central Asia
GAB;Gabon;SSA;Gabon;Sub-Saharan Africa
GMB;Gambia;SSA;Gambia;Sub-Saharan Africa
GEO;Georgia;ECA;Georgia;Europe and Central Asia
DEU;Germany;ECA;Germany;Europe and Central Asia
GHA;Ghana;SSA;Ghana;Sub-Saharan Africa
GRC;Greece;ECA;Greece;Europe and Central Asia
GRD;Grenada;LAC;Grenada;Latin America and the Caribbean
GTM;Guatemala;LAC;Guatemala;Latin America and the Caribbean
GIN;Guinea;SSA;Guinea;Sub-Saharan Africa
GNB;Guinea-Bissau;SSA;Guinea-Bissau;Sub-Saharan Africa
GUY;Guyana;LAC;Guyana;Latin America and the Caribbean
HTI;Haiti;LAC;Haiti;Latin America and the Caribbean
HND;Honduras;LAC;Honduras;Latin America and the Caribbean
HKG;Hong Kong;EAP;Hong Kong, China (SAR);East Asia and the Pacific
HUN;Hungary;ECA;Hungary;Europe and Central Asia
ISL;Iceland;ECA;Iceland;Europe and Central Asia
IND;India;SA;India;South Asia
IDN;Indonesia;EAP;Indonesia;East Asia and the Pacific
IRN;Iran;SA;Iran (Islamic Republic of);South Asia
IRQ;Iraq;AS;Iraq;Arab States
IRL;Ireland;ECA;Ireland;Europe and Central Asia
ISR;Israel;ECA;Israel;Europe and Central Asia
ITA;Italy;ECA;Italy;Europe and Central Asia
JAM;Jamaica;LAC;Jamaica;Latin America and the Caribbean
JPN;Japan;EAP;Japan;East Asia and the Pacific
JOR;Jordan;AS;Jordan;Arab States
KAZ;Kazakhstan;ECA;Kazakhstan;Europe and Central Asia
KEN;Kenya;SSA;Kenya;Sub-Saharan Africa
KIR;Kiribati;EAP;Kiribati;East Asia and the Pacific
PRK;Korea;EAP;Korea (Democratic People's Rep. of);East Asia and the Pacific
KOR;Korea;EAP;Korea (Republic of);East Asia and the Pacific
KWT;Kuwait;AS;Kuwait;Arab States
KGZ;Kyrgyzstan;ECA;Kyrgyzstan;Europe and Central Asia
LAO;Lao People's Democratic Republic;EAP;Lao People's Democratic Republic;East Asia and the Pacific
LVA;Latvia;ECA;Latvia;Europe and Central Asia
LBN;Lebanon;AS;Lebanon;Arab States
LSO;Lesotho;SSA;Lesotho;Sub-Saharan Africa
LBR;Liberia;SSA;Liberia;Sub-Saharan Africa
LBY;Libya;AS;Libya;Arab States
LIE;Liechtenstein;ECA;Liechtenstein;Europe and Central Asia
LTU;Lithuania;ECA;Lithuania;Europe and Central Asia
LUX;Luxembourg;ECA;Luxembourg;Europe and Central Asia
MDG;Madagascar;SSA;Madagascar;Sub-Saharan Africa
MWI;Malawi;SSA;Malawi;Sub-Saharan Africa
MYS;Malaysia;EAP;Malaysia;East Asia and the Pacific
MDV;Maldives;SA;Maldives;South Asia
MLI;Mali;SSA;Mali;Sub-Saharan Africa
MLT;Malta;ECA;Malta;Europe and Central Asia
MHL;Marshall Islands;EAP;Marshall Islands;East Asia and the Pacific
MRT;Mauritania;SSA;Mauritania;Sub-Saharan Africa
MUS;Mauritius;SSA;Mauritius;Sub-Saharan Africa
MEX;Mexico;LAC;Mexico;Latin America and the Caribbean
FSM;Micronesia;EAP;Micronesia (Federated States of);East Asia and the Pacific
MDA;Moldova;ECA;Moldova (Republic of);Europe and Central Asia
MCO;Monaco;ECA;Monaco;Europe and Central Asia
MNG;Mongolia;EAP;Mongolia;East Asia and the Pacific
MNE;Montenegro;ECA;Montenegro;Europe and Central Asia
MAR;Morocco;AS;Morocco;Arab States
MOZ;Mozambique;SSA;Mozambique;Sub-Saharan Africa
MMR;Myanmar;EAP;Myanmar;East Asia and the Pacific
NAM;Namibia;SSA;Namibia;Sub-Saharan Africa
NRU;Nauru;EAP;Nauru;East Asia and the Pacific
NPL;Nepal;SA;Nepal;South Asia
NLD;Netherlands;ECA;Netherlands;Europe and Central Asia
NZL;New Zealand;EAP;New Zealand;East Asia and the Pacific
NIC;Nicaragua;LAC;Nicaragua;Latin America and the Caribbean
NER;Niger;SSA;Niger;Sub-Saharan Africa
NGA;Nigeria;SSA;Nigeria;Sub-Saharan Africa
MKD;North Macedonia;ECA;North Macedonia;Europe and Central Asia
NOR;Norway;ECA;Norway;Europe and Central Asia
OMN;Oman;AS;Oman;Arab States
PAK;Pakistan;SA;Pakistan;South Asia
PLW;Palau;EAP;Palau;East Asia and the Pacific
PSE;Palestine;AS;Palestine, State of;Arab States
PAN;Panama;LAC;Panama;Latin America and the Caribbean
PNG;Papua New Guinea;EAP;Papua New Guinea;East Asia and the Pacific
PRY;Paraguay;LAC;Paraguay;Latin America and the Caribbean
PER;Peru;LAC;Peru;Latin America and the Caribbean
PHL;Philippines;EAP;Philippines;East Asia and the Pacific
POL;Poland;ECA;Poland;Europe and Central Asia
PRT;Portugal;ECA;Portugal;Europe and Central Asia
QAT;Qatar;AS;Qatar;Arab States
ROU;Romania;ECA;Romania;Europe and Central Asia
RUS;Russian Federation;ECA;Russian Federation;Europe and Central Asia
RWA;Rwanda;SSA;Rwanda;Sub-Saharan Africa
KNA;Saint Kitts and Nevis;LAC;Saint Kitts and Nevis;Latin America and the Caribbean
LCA;Saint Lucia;LAC;Saint Lucia;Latin America and the Caribbean
VCT;Saint Vincent and the Grenadines;LAC;Saint Vincent and the Grenadines;Latin America and the Caribbean
WSM;Samoa;EAP;Samoa;East Asia and the Pacific
SMR;San Marino;ECA;San Marino;Europe and Central Asia
STP;Sao Tome and Principe;SSA;Sao Tome and Principe;Sub-Saharan Africa
SAU;Saudi Arabia;AS;Saudi Arabia;Arab States
SEN;Senegal;SSA;Senegal;Sub-Saharan Africa
SRB;Serbia;ECA;Serbia;Europe and Central Asia
SYC;Seychelles;SSA;Seychelles;Sub-Saharan Africa
SLE;Sierra Leone;SSA;Sierra Leone;Sub-Saharan Africa
SGP;Singapore;EAP;Singapore;East Asia and the Pacific
SVK;Slovakia;ECA;Slovakia;Europe and Central Asia
SVN;Slovenia;ECA;Slovenia;Europe and Central Asia
SLB;Solomon Islands;EAP;Solomon Islands;East Asia and the Pacific
SOM;Somalia;AS;Somalia;Arab States
ZAF;South Africa;SSA;South Africa;Sub-Saharan Africa
SSD;South Sudan;SSA;South Sudan;Sub-Saharan Africa
ESP;Spain;ECA;Spain;Europe and Central Asia
LKA;Sri Lanka;SA;Sri Lanka;South Asia
SDN;Sudan;AS;Sudan;Arab States
SUR;Suriname;LAC;Suriname;Latin America and the Caribbean
SWE;Sweden;ECA;Sweden;Europe and Central Asia
CHE;Switzerland;ECA;Switzerland;Europe and Central Asia
SYR;Syrian Arab Republic;AS;Syrian Arab Republic;Arab States
TJK;Tajikistan;ECA;Tajikistan;Europe and Central Asia
TZA;Tanzania;SSA;Tanzania (United Republic of);Sub-Saharan Africa
THA;Thailand;EAP;Thailand;East Asia and the Pacific
TLS;Timor-Leste;EAP;Timor-Leste;East Asia and the Pacific
TGO;Togo;SSA;Togo;Sub-Saharan Africa
TON;Tonga;EAP;Tonga;East Asia and the Pacific
TTO;Trinidad and Tobago;LAC;Trinidad and Tobago;Latin America and the Caribbean
TUN;Tunisia;AS;Tunisia;Arab States
TUR;Türkiye;ECA;Türkiye;Europe and Central Asia
TKM;Turkmenistan;ECA;Turkmenistan;Europe and Central Asia
TUV;Tuvalu;EAP;Tuvalu;East Asia and the Pacific
UGA;Uganda;SSA;Uganda;Sub-Saharan Africa
UKR;Ukraine;ECA;Ukraine;Europe and Central Asia
ARE;United Arab Emirates;AS;United Arab Emirates;Arab States
GBR;United Kingdom;ECA;United Kingdom;Europe and Central Asia
USA;United States;NA;United States;North America
URY;Uruguay;LAC;Uruguay;Latin America and the Caribbean
UZB;Uzbekistan;ECA;Uzbekistan;Europe and Central Asia
VUT;Vanuatu;EAP;Vanuatu;East Asia and the Pacific
VEN;Venezuela;LAC;Venezuela (Bolivarian Republic of);Latin America and the Caribbean
VNM;Viet Nam;EAP;Viet Nam;East Asia and the Pacific
YEM;Yemen;AS;Yemen;Arab States
ZMB;Zambia;SSA;Zambia;Sub-Saharan Africa
ZWE;Zimbabwe;SSA;Zimbabwe;Sub-Saharan Africa
