error_row;error_code;error_column
World;WLD;GNI, PPP (constant 2021 international $);NY.GNP.MKTP.PP.KD;2007;102867389264876
;-1071607673;61
World;WLD;GNI, PPP (constant 2021 international $);NY.GNP.MKTP.PP.KD;2008;104675538517192
;-1071607673;61
World;WLD;GNI, PPP (constant 2021 international $);NY.GNP.MKTP.PP.KD;2009;104814801839057
;-1071607673;61
World;WLD;GNI, PPP (constant 2021 international $);NY.GNP.MKTP.PP.KD;2010;109993072089337
;-1071607673;61
World;WLD;GNI, PPP (constant 2021 international $);NY.GNP.MKTP.PP.KD;2011;113834322452170
;-1071607673;61
World;WLD;GNI, PPP (constant 2021 international $);NY.GNP.MKTP.PP.KD;2012;117391958978533
;-1071607673;61
World;WLD;GNI, PPP (constant 2021 international $);NY.GNP.MKTP.PP.KD;2013;120989453425550
;-1071607673;61
World;WLD;GNI, PPP (constant 2021 international $);NY.GNP.MKTP.PP.KD;2014;125409381820170
;-1071607673;61
World;WLD;GNI, PPP (constant 2021 international $);NY.GNP.MKTP.PP.KD;2015;129677904565776
;-1071607673;61
World;WLD;GNI, PPP (constant 2021 international $);NY.GNP.MKTP.PP.KD;2016;134515527333544
;-1071607673;61
World;WLD;GNI, PPP (constant 2021 international $);NY.GNP.MKTP.PP.KD;2017;139710477652433
;-1071607673;61
World;WLD;GNI, PPP (constant 2021 international $);NY.GNP.MKTP.PP.KD;2018;144610979020245
;-1071607673;61
World;WLD;GNI, PPP (constant 2021 international $);NY.GNP.MKTP.PP.KD;2019;148909704687585
;-1071607673;61
World;WLD;GNI, PPP (constant 2021 international $);NY.GNP.MKTP.PP.KD;2020;144905384990971
;-1071607673;61
World;WLD;GNI, PPP (constant 2021 international $);NY.GNP.MKTP.PP.KD;2021;154248467672826
;-1071607673;61
World;WLD;GNI, PPP (constant 2021 international $);NY.GNP.MKTP.PP.KD;2022;158633454651942
;-1071607673;61
World;WLD;GNI, PPP (constant 2021 international $);NY.GNP.MKTP.PP.KD;2023;164414581840803
;-1071607673;61
